ab_name,position
1-57,346
1-57,351
1-57,444
1-57,445
1-57,446
1-57,447
1-57,448
1-57,449
1-57,450
1-57,452
1-57,470
1-57,484
1-57,490
1-57,492
1-57,493
1-57,494
1-57,498
1-87,143
1-87,144
1-87,145
1-87,146
1-87,147
1-87,148
1-87,150
1-87,152
1-87,245
1-87,246
1-87,248
1-87,249
1-87,250
1-87,251
1-87,252
1-87,253
1-87,254
1-87,255
1-87,256
2-15,446
2-15,449
2-15,452
2-15,478
2-15,483
2-15,484
2-15,485
2-15,486
2-15,487
2-15,489
2-15,490
2-15,492
2-15,493
2-15,494
2-15,496
2-15,498
2-17,14
2-17,143
2-17,15
2-17,17
2-17,18
2-17,76
2-17,77
2-4,449
2-4,453
2-4,455
2-4,456
2-4,484
2-4,485
2-4,486
2-4,489
2-4,490
2-4,492
2-4,493
2-4,494
2-4,496
2-43,449
2-43,455
2-43,456
2-43,483
2-43,484
2-43,485
2-43,486
2-43,489
2-43,490
2-43,492
2-43,493
2-43,494
2-51,14
2-51,144
2-51,145
2-51,146
2-51,147
2-51,148
2-51,150
2-51,152
2-51,246
2-51,247
2-51,248
2-51,249
2-51,250
2-51,251
2-51,252
2-51,253
2-51,254
2-7,345
2-7,439
2-7,440
2-7,441
2-7,443
2-7,444
2-7,445
2-7,446
2-7,447
2-7,449
2-7,450
2-7,498
2-7,499
2-7,500
2-7,501
2-7,506
2B11,403
2B11,405
2B11,408
2B11,415
2B11,416
2B11,417
2B11,420
2B11,421
2B11,455
2B11,456
2B11,457
2B11,458
2B11,460
2B11,473
2B11,474
2B11,475
2B11,476
2B11,477
2B11,478
2B11,486
2B11,487
2B11,489
2B11,493
2B11,505
2H2,403
2H2,405
2H2,406
2H2,417
2H2,444
2H2,445
2H2,446
2H2,447
2H2,449
2H2,452
2H2,453
2H2,455
2H2,456
2H2,472
2H2,473
2H2,474
2H2,475
2H2,483
2H2,484
2H2,485
2H2,486
2H2,487
2H2,488
2H2,489
2H2,490
2H2,493
2H2,496
2H2,498
2H2,505
3C1,369
3C1,370
3C1,371
3C1,372
3C1,375
3C1,376
3C1,377
3C1,378
3C1,379
3C1,380
3C1,382
3C1,383
3C1,384
3C1,385
3C1,404
3C1,405
3C1,406
3C1,407
3C1,408
3C1,409
3C1,414
3C1,415
3C1,502
3C1,503
3C1,504
3C1,505
3C1,508
3D11,370
3D11,371
3D11,372
3D11,374
3D11,375
3D11,376
3D11,377
3D11,378
3D11,379
3D11,382
3D11,383
3D11,384
3D11,385
3D11,408
3D11,414
4-18,14
4-18,142
4-18,143
4-18,144
4-18,146
4-18,147
4-18,148
4-18,15
4-18,150
4-18,156
4-18,158
4-18,16
4-18,17
4-18,18
4-18,19
4-18,244
4-18,245
4-18,246
4-18,247
4-18,248
4-18,249
4-18,250
4-18,251
4-18,252
4-18,256
4-8,14
4-8,142
4-8,143
4-8,144
4-8,146
4-8,147
4-8,148
4-8,15
4-8,150
4-8,156
4-8,158
4-8,16
4-8,17
4-8,18
4-8,19
4-8,244
4-8,245
4-8,246
4-8,247
4-8,248
4-8,249
4-8,250
4-8,251
4-8,252
4-8,256
ABBV-47D11,332
ABBV-47D11,333
ABBV-47D11,334
ABBV-47D11,335
ABBV-47D11,336
ABBV-47D11,337
ABBV-47D11,338
ABBV-47D11,339
ABBV-47D11,340
ABBV-47D11,342
ABBV-47D11,343
ABBV-47D11,364
ABBV-47D11,368
ABBV-47D11,529
4A8,143
4A8,144
4A8,145
4A8,146
4A8,147
4A8,150
4A8,152
4A8,245
4A8,246
4A8,247
4A8,248
4A8,249
4A8,257
5-24,14
5-24,144
5-24,145
5-24,146
5-24,147
5-24,15
5-24,152
5-24,154
5-24,155
5-24,156
5-24,158
5-24,161
5-24,246
5-24,248
5-24,249
5-24,250
5-24,251
5-24,253
5-24,254
5-7,102
5-7,104
5-7,119
5-7,121
5-7,124
5-7,126
5-7,128
5-7,170
5-7,172
5-7,173
5-7,174
5-7,175
5-7,176
5-7,177
5-7,178
5-7,179
5-7,180
5-7,182
5-7,188
5-7,190
5-7,192
5-7,205
5-7,207
5-7,224
5-7,225
5-7,226
5-7,227
5-7,99
5A6,370
5A6,371
5A6,372
5A6,374
5A6,375
5A6,376
5A6,377
5A6,378
5A6,379
5A6,382
5A6,383
5A6,384
5A6,385
5A6,408
5A6,414
6D6,351
6D6,352
6D6,353
6D6,354
6D6,355
6D6,356
6D6,357
6D6,394
6D6,396
6D6,426
6D6,457
6D6,459
6D6,460
6D6,461
6D6,462
6D6,463
6D6,464
6D6,465
6D6,466
6D6,467
6D6,468
6D6,469
6D6,470
6D6,471
6D6,516
6D6,518
6D6,520
7D6,346
7D6,351
7D6,352
7D6,353
7D6,354
7D6,355
7D6,357
7D6,393
7D6,396
7D6,452
7D6,462
7D6,463
7D6,464
7D6,466
7D6,468
7D6,469
7D6,470
7D6,471
7D6,490
7D6,492
7D6,516
7D6,518
7D6,519
7D6,520
910-30,403
910-30,405
910-30,415
910-30,416
910-30,417
910-30,420
910-30,421
910-30,453
910-30,455
910-30,456
910-30,457
910-30,458
910-30,460
910-30,473
910-30,474
910-30,475
910-30,476
910-30,477
910-30,486
910-30,487
910-30,489
910-30,493
910-30,494
910-30,495
910-30,496
910-30,498
910-30,500
910-30,501
910-30,502
910-30,503
910-30,504
910-30,505
A23-58.1,456
A23-58.1,475
A23-58.1,476
A23-58.1,478
A23-58.1,479
A23-58.1,480
A23-58.1,484
A23-58.1,485
A23-58.1,486
A23-58.1,487
A23-58.1,489
B38,403
B38,405
B38,406
B38,409
B38,415
B38,416
B38,417
B38,420
B38,421
B38,453
B38,455
B38,456
B38,457
B38,458
B38,459
B38,460
B38,473
B38,474
B38,475
B38,476
B38,477
B38,484
B38,486
B38,487
B38,488
B38,489
B38,490
B38,491
B38,492
B38,493
B38,494
B38,495
B38,496
B38,498
B38,500
B38,501
B38,502
B38,503
B38,505
BD-236,403
BD-236,415
BD-236,416
BD-236,417
BD-236,420
BD-236,421
BD-236,453
BD-236,455
BD-236,456
BD-236,457
BD-236,458
BD-236,459
BD-236,460
BD-236,473
BD-236,474
BD-236,475
BD-236,476
BD-236,477
BD-236,486
BD-236,487
BD-236,489
BD-236,493
BD-236,494
BD-236,495
BD-236,496
BD-236,498
BD-236,500
BD-236,501
BD-236,502
BD-236,503
BD-236,504
BD-236,505
BD-368-2,444
BD-368-2,446
BD-368-2,447
BD-368-2,449
BD-368-2,450
BD-368-2,452
BD-368-2,470
BD-368-2,480
BD-368-2,481
BD-368-2,482
BD-368-2,483
BD-368-2,484
BD-368-2,485
BD-368-2,490
BD-508,403
BD-508,405
BD-508,415
BD-508,416
BD-508,417
BD-508,420
BD-508,421
BD-508,453
BD-508,455
BD-508,456
BD-508,457
BD-508,458
BD-508,459
BD-508,460
BD-508,473
BD-508,474
BD-508,475
BD-508,476
BD-508,477
BD-508,484
BD-508,486
BD-508,487
BD-508,489
BD-508,490
BD-508,493
BD-508,494
BD-508,496
BD-508,497
BD-508,498
BD-508,501
BD-508,502
BD-508,505
BD-515,403
BD-515,405
BD-515,415
BD-515,416
BD-515,417
BD-515,420
BD-515,421
BD-515,455
BD-515,456
BD-515,457
BD-515,458
BD-515,459
BD-515,460
BD-515,473
BD-515,474
BD-515,475
BD-515,476
BD-515,477
BD-515,478
BD-515,486
BD-515,487
BD-515,489
BD-515,501
BD-515,502
BD-515,505
DXP-604,403
DXP-604,415
DXP-604,416
DXP-604,417
DXP-604,420
DXP-604,421
DXP-604,453
DXP-604,455
DXP-604,456
DXP-604,457
DXP-604,458
DXP-604,459
DXP-604,460
DXP-604,473
DXP-604,474
DXP-604,475
DXP-604,476
DXP-604,477
DXP-604,486
DXP-604,487
DXP-604,489
DXP-604,493
DXP-604,496
DXP-604,498
DXP-604,500
DXP-604,501
DXP-604,502
DXP-604,503
DXP-604,505
BD-623,475
BD-623,476
BD-623,477
BD-623,478
BD-623,479
BD-623,481
BD-623,483
BD-623,484
BD-623,485
BD-623,486
BD-623,487
BD-623,488
BD-623,489
BD-623,490
BD-629,403
BD-629,405
BD-629,415
BD-629,416
BD-629,417
BD-629,420
BD-629,421
BD-629,453
BD-629,455
BD-629,456
BD-629,457
BD-629,458
BD-629,460
BD-629,473
BD-629,474
BD-629,475
BD-629,476
BD-629,477
BD-629,478
BD-629,486
BD-629,487
BD-629,489
BD-629,493
BD-629,501
BD-629,505
BD1-24,351
BD1-24,449
BD1-24,452
BD1-24,470
BD1-24,472
BD1-24,473
BD1-24,482
BD1-24,483
BD1-24,484
BD1-24,485
BD1-24,486
BD1-24,489
BD1-24,490
BD1-24,492
BD1-24,493
BD1-24,494
BD23,446
BD23,449
BD23,452
BD23,470
BD23,484
BD23,485
BD23,486
BD23,489
BD23,490
BD23,492
BD23,493
BD23,494
BD23,496
BD23,498
BD23,500
BD23,501
BD23,505
BG1-22,405
BG1-22,415
BG1-22,421
BG1-22,458
BG1-22,475
BG1-22,476
BG1-22,494
BG1-22,502
BG1-22,504
BG1-22,505
BG1-24,351
BG1-24,449
BG1-24,452
BG1-24,470
BG1-24,472
BG1-24,473
BG1-24,482
BG1-24,483
BG1-24,484
BG1-24,485
BG1-24,486
BG1-24,489
BG1-24,490
BG1-24,492
BG1-24,493
BG1-24,494
BG10-19,339
BG10-19,342
BG10-19,343
BG10-19,345
BG10-19,346
BG10-19,367
BG10-19,368
BG10-19,371
BG10-19,373
BG10-19,374
BG10-19,436
BG10-19,437
BG10-19,438
BG10-19,439
BG10-19,440
BG10-19,441
BG10-19,442
BG10-19,443
BG10-19,444
BG10-19,445
BG10-19,448
BG10-19,450
BG10-19,509
BG4-25,403
BG4-25,408
BG4-25,415
BG4-25,416
BG4-25,417
BG4-25,420
BG4-25,421
BG4-25,453
BG4-25,455
BG4-25,456
BG4-25,457
BG4-25,458
BG4-25,460
BG4-25,473
BG4-25,474
BG4-25,475
BG4-25,476
BG4-25,477
BG4-25,486
BG4-25,487
BG4-25,489
BG4-25,493
BG4-25,500
BG4-25,501
BG4-25,502
BG4-25,505
BG7-15,439
BG7-15,440
BG7-15,443
BG7-15,444
BG7-15,445
BG7-15,446
BG7-15,447
BG7-15,448
BG7-15,449
BG7-15,450
BG7-15,490
BG7-15,492
BG7-15,494
BG7-15,499
BG7-15,500
BG7-15,506
BG7-20,446
BG7-20,449
BG7-20,452
BG7-20,455
BG7-20,456
BG7-20,472
BG7-20,475
BG7-20,482
BG7-20,483
BG7-20,484
BG7-20,485
BG7-20,486
BG7-20,489
BG7-20,490
BG7-20,492
BG7-20,493
BG7-20,494
BG7-20,496
Amubarvimab,403
Amubarvimab,415
Amubarvimab,416
Amubarvimab,417
Amubarvimab,420
Amubarvimab,421
Amubarvimab,453
Amubarvimab,455
Amubarvimab,456
Amubarvimab,457
Amubarvimab,458
Amubarvimab,459
Amubarvimab,460
Amubarvimab,473
Amubarvimab,474
Amubarvimab,475
Amubarvimab,476
Amubarvimab,477
Amubarvimab,486
Amubarvimab,487
Amubarvimab,489
Amubarvimab,493
Amubarvimab,502
Amubarvimab,505
Bamlanivimab,351
Bamlanivimab,449
Bamlanivimab,450
Bamlanivimab,452
Bamlanivimab,455
Bamlanivimab,456
Bamlanivimab,470
Bamlanivimab,472
Bamlanivimab,481
Bamlanivimab,482
Bamlanivimab,483
Bamlanivimab,484
Bamlanivimab,485
Bamlanivimab,486
Bamlanivimab,487
Bamlanivimab,488
Bamlanivimab,489
Bamlanivimab,490
Bamlanivimab,492
Bamlanivimab,493
Bamlanivimab,494
C002,449
C002,450
C002,455
C002,456
C002,470
C002,471
C002,481
C002,482
C002,483
C002,484
C002,485
C002,486
C002,489
C002,490
C002,493
C002,494
C032,339
C032,340
C032,343
C032,344
C032,345
C032,346
C032,437
C032,440
C032,441
C032,442
C032,443
C032,444
C032,445
C032,448
C032,451
C032,499
C032,500
C032,509
C051,417
C051,444
C051,449
C051,450
C051,452
C051,455
C051,456
C051,483
C051,484
C051,485
C051,486
C051,487
C051,488
C051,489
C051,490
C051,491
C051,492
C051,493
C051,494
C051,495
C051,498
C098,403
C098,409
C098,415
C098,416
C098,417
C098,420
C098,421
C098,449
C098,453
C098,455
C098,456
C098,457
C098,458
C098,459
C098,460
C098,473
C098,474
C098,475
C098,476
C098,477
C098,486
C098,487
C098,489
C098,490
C098,493
C098,494
C098,495
C098,496
C098,497
C098,498
C098,500
C098,501
C098,502
C098,503
C098,504
C098,505
C099,403
C099,415
C099,416
C099,417
C099,420
C099,421
C099,453
C099,455
C099,456
C099,457
C099,458
C099,459
C099,460
C099,473
C099,474
C099,475
C099,476
C099,477
C099,486
C099,487
C099,489
C099,490
C099,492
C099,493
C099,495
C099,498
C099,500
C099,501
C099,502
C099,503
C099,504
C099,505
C102,403
C102,405
C102,415
C102,416
C102,417
C102,420
C102,421
C102,453
C102,455
C102,456
C102,457
C102,458
C102,459
C102,460
C102,473
C102,474
C102,475
C102,476
C102,477
C102,486
C102,487
C102,489
C102,493
C102,495
C102,496
C102,498
C102,500
C102,501
C102,502
C102,505
C104,444
C104,449
C104,470
C104,483
C104,484
C104,486
C104,490
C105,403
C105,405
C105,415
C105,416
C105,417
C105,420
C105,421
C105,453
C105,455
C105,456
C105,457
C105,458
C105,459
C105,460
C105,473
C105,475
C105,476
C105,486
C105,487
C105,502
C105,505
C110,345
C110,346
C110,351
C110,441
C110,442
C110,448
C110,449
C110,450
C110,452
C110,490
C110,494
C110,498
C110,499
C110,500
C110,509
C119,403
C119,444
C119,445
C119,446
C119,447
C119,448
C119,449
C119,450
C119,452
C119,482
C119,484
C119,493
C119,494
C119,495
C119,498
C119,499
C119,501
C119,505
C121,444
C121,447
C121,449
C121,452
C121,484
C121,485
C121,486
C121,489
C121,490
C121,492
C121,493
C121,494
C121,496
C12C9,14
C12C9,144
C12C9,145
C12C9,146
C12C9,147
C12C9,153
C12C9,155
C12C9,157
C12C9,158
C12C9,246
C12C9,247
C12C9,248
C12C9,249
C12C9,250
C12C9,251
C12C9,252
C12C9,253
C12C9,254
C135,345
C135,346
C135,437
C135,438
C135,439
C135,440
C135,441
C135,450
C135,499
C144,342
C144,343
C144,367
C144,370
C144,371
C144,372
C144,373
C144,374
C144,436
C144,449
C144,455
C144,456
C144,483
C144,484
C144,485
C144,486
C144,487
C144,489
C144,490
C144,491
C144,492
C144,493
C144,494
C144,495
C144,498
C144,509
C1A-B12,403
C1A-B12,406
C1A-B12,415
C1A-B12,416
C1A-B12,417
C1A-B12,420
C1A-B12,421
C1A-B12,449
C1A-B12,453
C1A-B12,455
C1A-B12,456
C1A-B12,457
C1A-B12,458
C1A-B12,459
C1A-B12,460
C1A-B12,473
C1A-B12,474
C1A-B12,475
C1A-B12,476
C1A-B12,477
C1A-B12,484
C1A-B12,486
C1A-B12,487
C1A-B12,489
C1A-B12,493
C1A-B12,494
C1A-B12,495
C1A-B12,496
C1A-B12,498
C1A-B12,500
C1A-B12,501
C1A-B12,502
C1A-B12,503
C1A-B12,504
C1A-B12,505
C1A-B3,403
C1A-B3,405
C1A-B3,408
C1A-B3,409
C1A-B3,415
C1A-B3,416
C1A-B3,417
C1A-B3,420
C1A-B3,421
C1A-B3,427
C1A-B3,449
C1A-B3,453
C1A-B3,455
C1A-B3,456
C1A-B3,457
C1A-B3,458
C1A-B3,459
C1A-B3,460
C1A-B3,462
C1A-B3,473
C1A-B3,474
C1A-B3,475
C1A-B3,476
C1A-B3,477
C1A-B3,486
C1A-B3,487
C1A-B3,489
C1A-B3,493
C1A-B3,494
C1A-B3,495
C1A-B3,496
C1A-B3,498
C1A-B3,500
C1A-B3,501
C1A-B3,502
C1A-B3,503
C1A-B3,504
C1A-B3,505
C1A-C2,403
C1A-C2,415
C1A-C2,416
C1A-C2,417
C1A-C2,420
C1A-C2,421
C1A-C2,453
C1A-C2,455
C1A-C2,456
C1A-C2,457
C1A-C2,458
C1A-C2,459
C1A-C2,460
C1A-C2,473
C1A-C2,474
C1A-C2,475
C1A-C2,476
C1A-C2,477
C1A-C2,484
C1A-C2,486
C1A-C2,487
C1A-C2,489
C1A-C2,490
C1A-C2,492
C1A-C2,493
C1A-C2,494
C1A-C2,495
C1A-C2,496
C1A-C2,498
C1A-C2,500
C1A-C2,501
C1A-C2,502
C1A-C2,505
C1A-F10,403
C1A-F10,409
C1A-F10,415
C1A-F10,416
C1A-F10,417
C1A-F10,420
C1A-F10,421
C1A-F10,453
C1A-F10,455
C1A-F10,456
C1A-F10,457
C1A-F10,458
C1A-F10,459
C1A-F10,460
C1A-F10,473
C1A-F10,474
C1A-F10,475
C1A-F10,476
C1A-F10,477
C1A-F10,484
C1A-F10,486
C1A-F10,487
C1A-F10,489
C1A-F10,490
C1A-F10,492
C1A-F10,493
C1A-F10,494
C1A-F10,495
C1A-F10,496
C1A-F10,498
C1A-F10,500
C1A-F10,501
C1A-F10,502
C1A-F10,503
C1A-F10,504
C1A-F10,505
C548,445
C548,446
C548,447
C548,449
C548,450
C548,452
C548,453
C548,455
C548,456
C548,482
C548,483
C548,484
C548,485
C548,486
C548,489
C548,490
C548,492
C548,493
C548,494
C548,495
C548,496
C548,498
CA521,452
CA521,453
CA521,455
CA521,456
CA521,475
CA521,484
CA521,485
CA521,486
CA521,487
CA521,489
CA521,490
CA521,492
CA521,493
CA521,494
CA521,496
CC12.1,403
CC12.1,405
CC12.1,408
CC12.1,415
CC12.1,416
CC12.1,417
CC12.1,420
CC12.1,421
CC12.1,453
CC12.1,455
CC12.1,456
CC12.1,457
CC12.1,458
CC12.1,459
CC12.1,460
CC12.1,473
CC12.1,474
CC12.1,475
CC12.1,476
CC12.1,477
CC12.1,484
CC12.1,486
CC12.1,487
CC12.1,489
CC12.1,493
CC12.1,494
CC12.1,495
CC12.1,496
CC12.1,498
CC12.1,500
CC12.1,501
CC12.1,502
CC12.1,503
CC12.1,505
CC12.3,403
CC12.3,405
CC12.3,415
CC12.3,416
CC12.3,417
CC12.3,420
CC12.3,421
CC12.3,453
CC12.3,455
CC12.3,456
CC12.3,457
CC12.3,458
CC12.3,459
CC12.3,460
CC12.3,473
CC12.3,474
CC12.3,475
CC12.3,476
CC12.3,477
CC12.3,486
CC12.3,487
CC12.3,489
CC12.3,493
CC12.3,495
CC12.3,500
CC12.3,501
CC12.3,502
CC12.3,505
CM25,144
CM25,145
CM25,146
CM25,147
CM25,148
CM25,150
CM25,152
CM25,246
CM25,247
CM25,248
CM25,249
CM25,250
CM25,251
CM25,252
CM25,255
COV2-2490,181
COV2-2490,182
COV2-2490,183
COV2-2490,211
COV2-2490,213
COV2-2490,71
COVA1-16,369
COVA1-16,370
COVA1-16,371
COVA1-16,377
COVA1-16,378
COVA1-16,379
COVA1-16,380
COVA1-16,381
COVA1-16,382
COVA1-16,383
COVA1-16,384
COVA1-16,385
COVA1-16,408
COVA1-16,412
COVA1-16,413
COVA1-16,414
COVA1-16,415
COVA1-16,416
COVA1-16,427
COVA1-16,428
COVA1-16,429
COVA2-04,403
COVA2-04,405
COVA2-04,406
COVA2-04,415
COVA2-04,416
COVA2-04,417
COVA2-04,420
COVA2-04,421
COVA2-04,449
COVA2-04,453
COVA2-04,455
COVA2-04,456
COVA2-04,457
COVA2-04,458
COVA2-04,459
COVA2-04,460
COVA2-04,473
COVA2-04,474
COVA2-04,475
COVA2-04,476
COVA2-04,477
COVA2-04,486
COVA2-04,487
COVA2-04,489
COVA2-04,493
COVA2-04,494
COVA2-04,495
COVA2-04,496
COVA2-04,498
COVA2-04,500
COVA2-04,501
COVA2-04,502
COVA2-04,505
COVA2-39,417
COVA2-39,446
COVA2-39,449
COVA2-39,455
COVA2-39,456
COVA2-39,475
COVA2-39,478
COVA2-39,483
COVA2-39,484
COVA2-39,485
COVA2-39,486
COVA2-39,487
COVA2-39,489
COVA2-39,490
COVA2-39,492
COVA2-39,493
COVA2-39,494
COVA2-39,495
COVA2-39,496
COVOX-150,403
COVOX-150,405
COVOX-150,406
COVOX-150,408
COVOX-150,415
COVOX-150,416
COVOX-150,417
COVOX-150,420
COVOX-150,421
COVOX-150,449
COVOX-150,453
COVOX-150,455
COVOX-150,456
COVOX-150,457
COVOX-150,458
COVOX-150,459
COVOX-150,460
COVOX-150,473
COVOX-150,474
COVOX-150,475
COVOX-150,476
COVOX-150,477
COVOX-150,486
COVOX-150,487
COVOX-150,489
COVOX-150,490
COVOX-150,492
COVOX-150,493
COVOX-150,494
COVOX-150,495
COVOX-150,496
COVOX-150,498
COVOX-150,500
COVOX-150,501
COVOX-150,502
COVOX-150,503
COVOX-150,505
COVOX-158,403
COVOX-158,405
COVOX-158,406
COVOX-158,408
COVOX-158,409
COVOX-158,415
COVOX-158,416
COVOX-158,417
COVOX-158,420
COVOX-158,421
COVOX-158,453
COVOX-158,455
COVOX-158,456
COVOX-158,457
COVOX-158,458
COVOX-158,459
COVOX-158,460
COVOX-158,473
COVOX-158,474
COVOX-158,475
COVOX-158,476
COVOX-158,477
COVOX-158,486
COVOX-158,487
COVOX-158,489
COVOX-158,494
COVOX-158,495
COVOX-158,496
COVOX-158,498
COVOX-158,500
COVOX-158,501
COVOX-158,502
COVOX-158,503
COVOX-158,505
COVOX-159,14
COVOX-159,144
COVOX-159,145
COVOX-159,146
COVOX-159,147
COVOX-159,148
COVOX-159,157
COVOX-159,252
COVOX-159,253
COVOX-222,366
COVOX-222,369
COVOX-222,370
COVOX-222,374
COVOX-222,377
COVOX-222,378
COVOX-222,379
COVOX-222,380
COVOX-222,381
COVOX-222,382
COVOX-222,383
COVOX-222,384
COVOX-222,385
COVOX-222,386
COVOX-222,388
COVOX-222,389
COVOX-222,390
COVOX-222,392
COVOX-222,412
COVOX-222,413
COVOX-222,414
COVOX-222,427
COVOX-222,428
COVOX-222,429
COVOX-222,430
COVOX-222,517
COVOX-253,417
COVOX-253,421
COVOX-253,455
COVOX-253,456
COVOX-253,457
COVOX-253,458
COVOX-253,473
COVOX-253,474
COVOX-253,475
COVOX-253,476
COVOX-253,477
COVOX-253,478
COVOX-253,484
COVOX-253,485
COVOX-253,486
COVOX-253,487
COVOX-253,488
COVOX-253,489
COVOX-253,493
COVOX-253H165L,455
COVOX-253H165L,456
COVOX-253H165L,473
COVOX-253H165L,475
COVOX-253H165L,477
COVOX-253H165L,478
COVOX-253H165L,486
COVOX-253H165L,487
COVOX-253H165L,489
COVOX-253H165L,493
COVOX-253H55L,417
COVOX-253H55L,421
COVOX-253H55L,453
COVOX-253H55L,455
COVOX-253H55L,456
COVOX-253H55L,457
COVOX-253H55L,458
COVOX-253H55L,473
COVOX-253H55L,475
COVOX-253H55L,476
COVOX-253H55L,477
COVOX-253H55L,478
COVOX-253H55L,483
COVOX-253H55L,484
COVOX-253H55L,485
COVOX-253H55L,486
COVOX-253H55L,487
COVOX-253H55L,488
COVOX-253H55L,489
COVOX-253H55L,493
COVOX-269,403
COVOX-269,405
COVOX-269,406
COVOX-269,409
COVOX-269,415
COVOX-269,416
COVOX-269,417
COVOX-269,420
COVOX-269,421
COVOX-269,453
COVOX-269,455
COVOX-269,456
COVOX-269,457
COVOX-269,458
COVOX-269,459
COVOX-269,460
COVOX-269,473
COVOX-269,474
COVOX-269,475
COVOX-269,476
COVOX-269,477
COVOX-269,485
COVOX-269,486
COVOX-269,487
COVOX-269,489
COVOX-269,493
COVOX-269,494
COVOX-269,495
COVOX-269,496
COVOX-269,498
COVOX-269,500
COVOX-269,501
COVOX-269,502
COVOX-269,505
COVOX-278,345
COVOX-278,346
COVOX-278,351
COVOX-278,440
COVOX-278,441
COVOX-278,442
COVOX-278,443
COVOX-278,444
COVOX-278,445
COVOX-278,446
COVOX-278,447
COVOX-278,448
COVOX-278,449
COVOX-278,450
COVOX-278,452
COVOX-278,470
COVOX-278,484
COVOX-278,490
COVOX-278,492
COVOX-278,499
COVOX-316,446
COVOX-316,449
COVOX-316,453
COVOX-316,455
COVOX-316,456
COVOX-316,483
COVOX-316,484
COVOX-316,485
COVOX-316,486
COVOX-316,489
COVOX-316,490
COVOX-316,492
COVOX-316,493
COVOX-316,494
COVOX-316,496
COVOX-384,452
COVOX-384,455
COVOX-384,456
COVOX-384,472
COVOX-384,481
COVOX-384,482
COVOX-384,483
COVOX-384,484
COVOX-384,485
COVOX-384,486
COVOX-384,489
COVOX-384,490
COVOX-384,492
COVOX-40,403
COVOX-40,405
COVOX-40,406
COVOX-40,408
COVOX-40,409
COVOX-40,415
COVOX-40,416
COVOX-40,417
COVOX-40,420
COVOX-40,421
COVOX-40,449
COVOX-40,453
COVOX-40,455
COVOX-40,456
COVOX-40,457
COVOX-40,458
COVOX-40,459
COVOX-40,460
COVOX-40,473
COVOX-40,474
COVOX-40,475
COVOX-40,476
COVOX-40,477
COVOX-40,486
COVOX-40,487
COVOX-40,489
COVOX-40,493
COVOX-40,494
COVOX-40,495
COVOX-40,496
COVOX-40,498
COVOX-40,500
COVOX-40,501
COVOX-40,502
COVOX-40,503
COVOX-40,505
COVOX-45,352
COVOX-45,353
COVOX-45,354
COVOX-45,355
COVOX-45,356
COVOX-45,357
COVOX-45,358
COVOX-45,359
COVOX-45,360
COVOX-45,394
COVOX-45,396
COVOX-45,426
COVOX-45,428
COVOX-45,462
COVOX-45,463
COVOX-45,464
COVOX-45,465
COVOX-45,466
COVOX-45,468
COVOX-45,516
COVOX-45,518
COVOX-45,519
COVOX-45,520
COVOX-45,521
COVOX-45,523
COVOX-75,440
COVOX-75,441
COVOX-75,442
COVOX-75,443
COVOX-75,444
COVOX-75,445
COVOX-75,446
COVOX-75,447
COVOX-75,448
COVOX-75,449
COVOX-75,450
COVOX-75,452
COVOX-75,490
COVOX-75,492
COVOX-75,493
COVOX-75,494
COVOX-75,495
COVOX-75,496
COVOX-75,498
COVOX-88,417
COVOX-88,421
COVOX-88,453
COVOX-88,455
COVOX-88,456
COVOX-88,457
COVOX-88,458
COVOX-88,473
COVOX-88,475
COVOX-88,476
COVOX-88,477
COVOX-88,478
COVOX-88,483
COVOX-88,484
COVOX-88,485
COVOX-88,486
COVOX-88,487
COVOX-88,488
COVOX-88,489
COVOX-88,493
CR3014-C8,368
CR3014-C8,369
CR3014-C8,370
CR3014-C8,371
CR3014-C8,372
CR3014-C8,374
CR3014-C8,375
CR3014-C8,376
CR3014-C8,377
CR3014-C8,378
CR3014-C8,379
CR3014-C8,380
CR3014-C8,381
CR3014-C8,383
CR3014-C8,384
CR3014-C8,385
CR3014-C8,408
CR3014-C8,427
CR3014-C8,428
CR3014-C8,429
CR3022,369
CR3022,370
CR3022,371
CR3022,372
CR3022,374
CR3022,376
CR3022,377
CR3022,378
CR3022,379
CR3022,380
CR3022,381
CR3022,382
CR3022,383
CR3022,384
CR3022,385
CR3022,386
CR3022,389
CR3022,390
CR3022,392
CR3022,427
CR3022,428
CR3022,429
CR3022,430
CR3022,515
CR3022,516
CR3022,517
CR3022,519
CR3022-B6,403
CR3022-B6,405
CR3022-B6,417
CR3022-B6,455
CR3022-B6,456
CR3022-B6,474
CR3022-B6,475
CR3022-B6,476
CR3022-B6,477
CR3022-B6,484
CR3022-B6,485
CR3022-B6,486
CR3022-B6,487
CR3022-B6,489
CV05-163,351
CV05-163,444
CV05-163,446
CV05-163,447
CV05-163,449
CV05-163,452
CV05-163,455
CV05-163,456
CV05-163,470
CV05-163,483
CV05-163,484
CV05-163,485
CV05-163,486
CV05-163,488
CV05-163,489
CV05-163,490
CV05-163,491
CV05-163,492
CV05-163,493
CV05-163,494
CV05-163,495
CV05-163,496
CV05-163,498
CV07-250,403
CV07-250,446
CV07-250,449
CV07-250,453
CV07-250,455
CV07-250,456
CV07-250,475
CV07-250,476
CV07-250,477
CV07-250,478
CV07-250,484
CV07-250,485
CV07-250,486
CV07-250,487
CV07-250,489
CV07-250,493
CV07-250,494
CV07-250,495
CV07-250,496
CV07-250,498
CV07-250,501
CV07-250,505
CV07-270,346
CV07-270,347
CV07-270,348
CV07-270,349
CV07-270,351
CV07-270,444
CV07-270,445
CV07-270,446
CV07-270,447
CV07-270,448
CV07-270,449
CV07-270,450
CV07-270,451
CV07-270,452
CV07-270,470
CV07-270,484
CV07-270,490
CV07-270,492
CV07-270,493
CV07-270,494
CV07-270,498
CV2-75,374
CV2-75,375
CV2-75,376
CV2-75,377
CV2-75,378
CV2-75,379
CV2-75,380
CV2-75,381
CV2-75,382
CV2-75,383
CV2-75,384
CV2-75,385
CV2-75,386
CV2-75,405
CV2-75,408
CV2-75,437
CV2-75,503
CV2-75,504
CV2-75,508
CV30,403
CV30,405
CV30,415
CV30,416
CV30,417
CV30,420
CV30,421
CV30,453
CV30,455
CV30,456
CV30,457
CV30,458
CV30,459
CV30,460
CV30,473
CV30,474
CV30,475
CV30,476
CV30,477
CV30,486
CV30,487
CV30,489
CV30,493
CV30,500
CV30,501
CV30,502
CV30,505
CV38-142,342
CV38-142,343
CV38-142,344
CV38-142,345
CV38-142,346
CV38-142,347
CV38-142,373
CV38-142,436
CV38-142,437
CV38-142,438
CV38-142,439
CV38-142,440
CV38-142,441
CV38-142,443
CV38-142,444
CV38-142,445
CV38-142,448
CV38-142,450
CV38-142,499
CV38-142,509
Casirivimab,403
Casirivimab,417
Casirivimab,421
Casirivimab,453
Casirivimab,455
Casirivimab,456
Casirivimab,475
Casirivimab,476
Casirivimab,484
Casirivimab,485
Casirivimab,486
Casirivimab,487
Casirivimab,488
Casirivimab,489
Casirivimab,493
DH1041,446
DH1041,447
DH1041,449
DH1041,450
DH1041,452
DH1041,470
DH1041,471
DH1041,472
DH1041,480
DH1041,481
DH1041,482
DH1041,483
DH1041,484
DH1041,485
DH1041,486
DH1041,490
DH1041,492
DH1041,493
DH1041,494
DH1043,351
DH1043,446
DH1043,449
DH1043,450
DH1043,452
DH1043,456
DH1043,470
DH1043,472
DH1043,478
DH1043,479
DH1043,480
DH1043,481
DH1043,482
DH1043,483
DH1043,484
DH1043,485
DH1043,486
DH1043,487
DH1043,488
DH1043,489
DH1043,490
DH1043,491
DH1043,492
DH1043,493
DH1043,494
DH1047,369
DH1047,370
DH1047,374
DH1047,375
DH1047,376
DH1047,377
DH1047,378
DH1047,379
DH1047,383
DH1047,384
DH1047,405
DH1047,407
DH1047,408
DH1047,409
DH1047,415
DH1047,435
DH1047,499
DH1047,501
DH1047,502
DH1047,503
DH1047,504
DH1050,140
DH1050,142
DH1050,143
DH1050,144
DH1050,145
DH1050,146
DH1050,148
DH1050,149
DH1050,154
DH1050,157
DH1050,158
DH1050,244
DH1050,245
DH1052,14
DH1052,142
DH1052,143
DH1052,144
DH1052,146
DH1052,147
DH1052,148
DH1052,15
DH1052,150
DH1052,156
DH1052,158
DH1052,16
DH1052,17
DH1052,18
DH1052,19
DH1052,244
DH1052,245
DH1052,246
DH1052,247
DH1052,248
DH1052,249
DH1052,250
DH1052,251
DH1052,252
DH1052,256
EY6A,369
EY6A,374
EY6A,375
EY6A,377
EY6A,378
EY6A,379
EY6A,380
EY6A,381
EY6A,382
EY6A,383
EY6A,384
EY6A,385
EY6A,386
EY6A,388
EY6A,389
EY6A,390
EY6A,412
EY6A,413
EY6A,414
EY6A,427
EY6A,428
EY6A,429
EY6A,430
EY6A,517
Etesevimab,403
Etesevimab,405
Etesevimab,406
Etesevimab,408
Etesevimab,409
Etesevimab,415
Etesevimab,416
Etesevimab,417
Etesevimab,420
Etesevimab,421
Etesevimab,455
Etesevimab,456
Etesevimab,457
Etesevimab,458
Etesevimab,459
Etesevimab,460
Etesevimab,473
Etesevimab,474
Etesevimab,475
Etesevimab,476
Etesevimab,477
Etesevimab,486
Etesevimab,487
Etesevimab,489
Etesevimab,493
Etesevimab,494
Etesevimab,495
Etesevimab,500
Etesevimab,501
Etesevimab,502
Etesevimab,504
Etesevimab,505
FC05,144
FC05,145
FC05,146
FC05,147
FC05,152
FC05,246
FC05,247
FC05,248
FC05,249
FC05,256
FC05,257
Fab-298,456
Fab-298,474
Fab-298,475
Fab-298,476
Fab-298,477
Fab-298,478
Fab-298,484
Fab-298,485
Fab-298,486
Fab-298,487
Fab-298,489
Fab-298,493
Fab-52,346
Fab-52,351
Fab-52,355
Fab-52,356
Fab-52,357
Fab-52,449
Fab-52,450
Fab-52,452
Fab-52,465
Fab-52,466
Fab-52,468
Fab-52,469
Fab-52,470
Fab-52,471
Fab-52,481
Fab-52,482
Fab-52,484
Fab-52,490
Fab-52,492
Fab-52,493
Fab-52,494
Fab_15033-7,403
Fab_15033-7,409
Fab_15033-7,417
Fab_15033-7,421
Fab_15033-7,455
Fab_15033-7,456
Fab_15033-7,473
Fab_15033-7,475
Fab_15033-7,484
Fab_15033-7,485
Fab_15033-7,486
Fab_15033-7,487
Fab_15033-7,488
Fab_15033-7,489
Fab_15033-7,493
Fab_15033-7,505
G32R7,340
G32R7,341
G32R7,343
G32R7,344
G32R7,345
G32R7,346
G32R7,347
G32R7,348
G32R7,351
G32R7,352
G32R7,354
G32R7,356
G32R7,441
G32R7,446
G32R7,447
G32R7,449
G32R7,450
G32R7,452
G32R7,466
G32R7,468
G32R7,470
G32R7,481
G32R7,482
G32R7,483
G32R7,484
G32R7,490
H014,369
H014,372
H014,373
H014,374
H014,375
H014,376
H014,377
H014,378
H014,379
H014,380
H014,381
H014,382
H014,384
H014,385
H014,405
H014,407
H014,408
H014,411
H014,412
H014,413
H014,414
H014,503
H014,504
H11-D4,444
H11-D4,449
H11-D4,450
H11-D4,452
H11-D4,455
H11-D4,456
H11-D4,482
H11-D4,483
H11-D4,484
H11-D4,489
H11-D4,490
H11-D4,492
H11-D4,493
H11-D4,494
H11-H4,346
H11-H4,444
H11-H4,447
H11-H4,448
H11-H4,449
H11-H4,450
H11-H4,452
H11-H4,455
H11-H4,456
H11-H4,470
H11-H4,482
H11-H4,483
H11-H4,484
H11-H4,489
H11-H4,490
H11-H4,492
H11-H4,493
H11-H4,494
H4,494
H4,496
HB27,437
HB27,439
HB27,440
HB27,445
HB27,446
HB27,447
HB27,449
HB27,498
HB27,499
HB27,500
HB27,501
HB27,502
HB27,503
HB27,505
HB27,506
Huo_C1,369
Huo_C1,370
Huo_C1,371
Huo_C1,374
Huo_C1,375
Huo_C1,376
Huo_C1,377
Huo_C1,378
Huo_C1,379
Huo_C1,380
Huo_C1,381
Huo_C1,382
Huo_C1,383
Huo_C1,384
Huo_C1,385
Huo_C1,404
Huo_C1,405
Huo_C1,407
Huo_C1,408
Huo_C1,414
Huo_C1,503
Huo_C1,504
Huo_C1,508
Huo_C5,346
Huo_C5,351
Huo_C5,444
Huo_C5,445
Huo_C5,446
Huo_C5,447
Huo_C5,448
Huo_C5,449
Huo_C5,450
Huo_C5,452
Huo_C5,470
Huo_C5,490
Huo_C5,492
Huo_C5,493
Huo_C5,494
Huo_F2,368
Huo_F2,369
Huo_F2,371
Huo_F2,372
Huo_F2,374
Huo_F2,375
Huo_F2,376
Huo_F2,377
Huo_F2,378
Huo_F2,379
Huo_F2,380
Huo_F2,381
Huo_F2,382
Huo_F2,383
Huo_F2,384
Huo_F2,385
Huo_F2,408
Huo_F2,411
Huo_F2,412
Huo_F2,414
Huo_F2,427
Huo_H3,449
Huo_H3,452
Huo_H3,455
Huo_H3,456
Huo_H3,470
Huo_H3,471
Huo_H3,472
Huo_H3,482
Huo_H3,483
Huo_H3,484
Huo_H3,485
Huo_H3,489
Huo_H3,490
Huo_H3,492
Huo_H3,493
Huo_H3,494
Imdevimab,346
Imdevimab,439
Imdevimab,440
Imdevimab,441
Imdevimab,444
Imdevimab,445
Imdevimab,446
Imdevimab,447
Imdevimab,448
Imdevimab,449
Imdevimab,450
Imdevimab,498
Imdevimab,500
LY-CoV481,403
LY-CoV481,405
LY-CoV481,408
LY-CoV481,415
LY-CoV481,416
LY-CoV481,417
LY-CoV481,420
LY-CoV481,421
LY-CoV481,453
LY-CoV481,455
LY-CoV481,456
LY-CoV481,457
LY-CoV481,458
LY-CoV481,459
LY-CoV481,460
LY-CoV481,473
LY-CoV481,474
LY-CoV481,475
LY-CoV481,476
LY-CoV481,477
LY-CoV481,486
LY-CoV481,487
LY-CoV481,489
LY-CoV481,493
LY-CoV481,494
LY-CoV481,495
LY-CoV481,496
LY-CoV481,498
LY-CoV481,500
LY-CoV481,501
LY-CoV481,502
LY-CoV481,503
LY-CoV481,504
LY-CoV481,505
LY-CoV488,403
LY-CoV488,405
LY-CoV488,406
LY-CoV488,409
LY-CoV488,415
LY-CoV488,416
LY-CoV488,417
LY-CoV488,420
LY-CoV488,421
LY-CoV488,449
LY-CoV488,453
LY-CoV488,455
LY-CoV488,456
LY-CoV488,457
LY-CoV488,458
LY-CoV488,459
LY-CoV488,460
LY-CoV488,473
LY-CoV488,474
LY-CoV488,475
LY-CoV488,476
LY-CoV488,477
LY-CoV488,486
LY-CoV488,487
LY-CoV488,489
LY-CoV488,493
LY-CoV488,494
LY-CoV488,495
LY-CoV488,496
LY-CoV488,501
LY-CoV488,502
LY-CoV488,504
LY-CoV488,505
Bebtelovimab,346
Bebtelovimab,439
Bebtelovimab,440
Bebtelovimab,441
Bebtelovimab,443
Bebtelovimab,444
Bebtelovimab,445
Bebtelovimab,446
Bebtelovimab,447
Bebtelovimab,448
Bebtelovimab,449
Bebtelovimab,450
Bebtelovimab,498
Bebtelovimab,499
Bebtelovimab,500
Bebtelovimab,501
Bebtelovimab,502
Bebtelovimab,506
Bebtelovimab,509
MR17,403
MR17,417
MR17,449
MR17,453
MR17,455
MR17,456
MR17,472
MR17,483
MR17,484
MR17,485
MR17,486
MR17,488
MR17,489
MR17,490
MR17,493
MR17,494
MR17,495
MR17,496
MR17,505
MR17-K99Y,403
MR17-K99Y,417
MR17-K99Y,449
MR17-K99Y,453
MR17-K99Y,455
MR17-K99Y,456
MR17-K99Y,472
MR17-K99Y,483
MR17-K99Y,484
MR17-K99Y,485
MR17-K99Y,486
MR17-K99Y,488
MR17-K99Y,489
MR17-K99Y,490
MR17-K99Y,493
MR17-K99Y,494
MR17-K99Y,495
MR17-K99Y,496
MR17-K99Y,498
MR17-K99Y,505
MW01,351
MW01,403
MW01,417
MW01,445
MW01,446
MW01,449
MW01,450
MW01,452
MW01,453
MW01,455
MW01,456
MW01,470
MW01,480
MW01,481
MW01,482
MW01,483
MW01,484
MW01,485
MW01,486
MW01,487
MW01,489
MW01,490
MW01,492
MW01,493
MW01,494
MW01,505
MW05,351
MW05,444
MW05,445
MW05,446
MW05,449
MW05,450
MW05,452
MW05,453
MW05,455
MW05,456
MW05,470
MW05,483
MW05,484
MW05,485
MW05,486
MW05,487
MW05,488
MW05,489
MW05,490
MW05,492
MW05,493
MW05,494
MW05,498
MW06,368
MW06,369
MW06,370
MW06,372
MW06,373
MW06,374
MW06,375
MW06,376
MW06,377
MW06,378
MW06,379
MW06,384
MW06,385
MW06,407
MW06,408
MW06,437
MW06,502
MW06,503
MW06,506
MW06,508
N12-11,144
N12-11,145
N12-11,146
N12-11,147
N12-11,148
N12-11,150
N12-11,152
N12-11,246
N12-11,247
N12-11,248
N12-11,249
N12-11,250
N12-11,251
N12-11,253
N12-11,254
N12-11,255
N12-9,14
N12-9,144
N12-9,145
N12-9,146
N12-9,147
N12-9,148
N12-9,154
N12-9,156
N12-9,157
N12-9,158
N12-9,16
N12-9,246
N12-9,248
N12-9,249
N12-9,250
N12-9,251
N12-9,252
N12-9,253
N12-9,254
N12-9,258
NM1226,368
NM1226,369
NM1226,370
NM1226,371
NM1226,372
NM1226,373
NM1226,374
NM1226,375
NM1226,376
NM1226,377
NM1226,378
NM1226,383
NM1226,384
NM1226,404
NM1226,405
NM1226,408
NM1226,437
NM1226,503
NM1226,504
NM1226,508
NM1230,274
NM1230,302
NM1230,304
NM1230,50
NM1230,52
Nanosota-1C,351
Nanosota-1C,352
Nanosota-1C,444
Nanosota-1C,445
Nanosota-1C,446
Nanosota-1C,447
Nanosota-1C,449
Nanosota-1C,450
Nanosota-1C,452
Nanosota-1C,455
Nanosota-1C,456
Nanosota-1C,468
Nanosota-1C,470
Nanosota-1C,484
Nanosota-1C,485
Nanosota-1C,486
Nanosota-1C,490
Nanosota-1C,492
Nanosota-1C,493
Nanosota-1C,494
Nb105,369
Nb105,372
Nb105,375
Nb105,376
Nb105,377
Nb105,378
Nb105,379
Nb105,380
Nb105,381
Nb105,382
Nb105,383
Nb105,384
Nb105,404
Nb105,405
Nb105,406
Nb105,407
Nb105,408
Nb105,508
Nb17,347
Nb17,348
Nb17,349
Nb17,351
Nb17,352
Nb17,354
Nb17,355
Nb17,444
Nb17,449
Nb17,450
Nb17,452
Nb17,466
Nb17,468
Nb17,470
Nb17,481
Nb17,482
Nb17,483
Nb17,484
Nb17,490
Nb17,492
Nb17,493
Nb17,494
Nb21,449
Nb21,450
Nb21,452
Nb21,456
Nb21,482
Nb21,483
Nb21,484
Nb21,485
Nb21,486
Nb21,487
Nb21,488
Nb21,489
Nb21,490
Nb21,492
Nb21,493
Nb21,494
Nb21,496
Nb34,369
Nb34,370
Nb34,371
Nb34,372
Nb34,373
Nb34,374
Nb34,375
Nb34,376
Nb34,377
Nb34,378
Nb34,379
Nb34,385
Nb34,408
Nb34,437
Nb34,440
Nb34,503
Nb36,346
Nb36,348
Nb36,349
Nb36,351
Nb36,352
Nb36,353
Nb36,354
Nb36,355
Nb36,356
Nb36,357
Nb36,465
Nb36,466
Nb36,467
Nb36,468
Nb6,342
Nb6,343
Nb6,367
Nb6,368
Nb6,371
Nb6,373
Nb6,374
Nb6,436
Nb6,437
Nb6,440
Nb6,441
Nb6,446
Nb6,447
Nb6,449
Nb6,453
Nb6,455
Nb6,456
Nb6,472
Nb6,483
Nb6,484
Nb6,485
Nb6,486
Nb6,489
Nb6,490
Nb6,491
Nb6,492
Nb6,493
Nb6,494
Nb6,495
Nb6,496
Nb6,497
Nb6,498
Nb6,501
Nb6,505
Nb6,509
Nb95,460
Nb95,464
Nb95,465
Nb95,466
Nb95,467
Nb95,468
Nb95,469
Nb95,470
Nb95,471
Nb95,473
Nb95,474
Nb95,475
Nb95,476
Nb95,478
Nb95,499
Nb95,500
Nb95,527
Nb95,528
Nb95,529
P008_056,123
P008_056,124
P008_056,145
P008_056,146
P008_056,147
P008_056,150
P008_056,151
P008_056,152
P008_056,178
P008_056,180
P008_056,181
P008_056,182
P008_056,183
P008_056,184
P008_056,185
P008_056,186
P008_056,188
P008_056,213
P008_056,245
P008_056,247
P008_056,248
P008_056,249
P008_056,259
P008_056,260
P008_056,261
P008_056,262
P008_056,71
P008_056,72
P008_056,97
P008_056,98
P008_056,99
P17,455
P17,456
P17,470
P17,471
P17,480
P17,481
P17,482
P17,483
P17,484
P17,485
P17,486
P17,487
P17,488
P17,489
P17,490
P17,492
P17,493
P22A-1D1,405
P22A-1D1,406
P22A-1D1,409
P22A-1D1,415
P22A-1D1,416
P22A-1D1,417
P22A-1D1,420
P22A-1D1,421
P22A-1D1,453
P22A-1D1,455
P22A-1D1,456
P22A-1D1,457
P22A-1D1,458
P22A-1D1,459
P22A-1D1,460
P22A-1D1,473
P22A-1D1,474
P22A-1D1,475
P22A-1D1,476
P22A-1D1,477
P22A-1D1,486
P22A-1D1,487
P22A-1D1,489
P22A-1D1,490
P22A-1D1,492
P22A-1D1,493
P22A-1D1,495
P22A-1D1,496
P22A-1D1,498
P22A-1D1,500
P22A-1D1,501
P22A-1D1,502
P22A-1D1,503
P22A-1D1,504
P22A-1D1,505
P2B-1A1,403
P2B-1A1,405
P2B-1A1,406
P2B-1A1,408
P2B-1A1,415
P2B-1A1,416
P2B-1A1,417
P2B-1A1,420
P2B-1A1,421
P2B-1A1,449
P2B-1A1,455
P2B-1A1,456
P2B-1A1,457
P2B-1A1,458
P2B-1A1,460
P2B-1A1,473
P2B-1A1,474
P2B-1A1,475
P2B-1A1,476
P2B-1A1,477
P2B-1A1,478
P2B-1A1,487
P2B-1A1,489
P2B-1A1,493
P2B-1A1,494
P2B-1A1,496
P2B-1A1,500
P2B-1A1,501
P2B-1A1,502
P2B-1A1,503
P2B-1A1,505
P2B-1A10,403
P2B-1A10,405
P2B-1A10,406
P2B-1A10,408
P2B-1A10,417
P2B-1A10,496
P2B-1A10,500
P2B-1A10,501
P2B-1A10,502
P2B-1A10,503
P2B-1A10,505
P2B-2F6,346
P2B-2F6,444
P2B-2F6,446
P2B-2F6,447
P2B-2F6,448
P2B-2F6,449
P2B-2F6,450
P2B-2F6,452
P2B-2F6,483
P2B-2F6,484
P2B-2F6,485
P2B-2F6,490
P2B-2F6,492
P2B-2F6,493
P2B-2F6,494
P2C-1A3,445
P2C-1A3,446
P2C-1A3,449
P2C-1A3,452
P2C-1A3,455
P2C-1A3,456
P2C-1A3,476
P2C-1A3,478
P2C-1A3,480
P2C-1A3,481
P2C-1A3,483
P2C-1A3,484
P2C-1A3,485
P2C-1A3,486
P2C-1A3,487
P2C-1A3,489
P2C-1A3,490
P2C-1A3,492
P2C-1A3,493
P2C-1A3,494
P2C-1A3,498
P2C-1A3,500
P4A1,403
P4A1,405
P4A1,409
P4A1,415
P4A1,416
P4A1,417
P4A1,420
P4A1,421
P4A1,449
P4A1,453
P4A1,455
P4A1,456
P4A1,457
P4A1,458
P4A1,459
P4A1,460
P4A1,473
P4A1,474
P4A1,475
P4A1,476
P4A1,477
P4A1,486
P4A1,487
P4A1,489
P4A1,493
P4A1,494
P4A1,495
P4A1,496
P4A1,498
P4A1,500
P4A1,501
P4A1,502
P4A1,505
P5A-1B6,403
P5A-1B6,405
P5A-1B6,408
P5A-1B6,409
P5A-1B6,415
P5A-1B6,416
P5A-1B6,417
P5A-1B6,420
P5A-1B6,421
P5A-1B6,449
P5A-1B6,453
P5A-1B6,455
P5A-1B6,456
P5A-1B6,475
P5A-1B6,476
P5A-1B6,485
P5A-1B6,486
P5A-1B6,487
P5A-1B6,489
P5A-1B6,490
P5A-1B6,493
P5A-1B6,494
P5A-1B6,495
P5A-1B6,496
P5A-1B6,501
P5A-1B6,505
P5A-1B8,403
P5A-1B8,415
P5A-1B8,416
P5A-1B8,417
P5A-1B8,420
P5A-1B8,421
P5A-1B8,453
P5A-1B8,455
P5A-1B8,456
P5A-1B8,457
P5A-1B8,458
P5A-1B8,460
P5A-1B8,473
P5A-1B8,474
P5A-1B8,475
P5A-1B8,476
P5A-1B8,477
P5A-1B8,486
P5A-1B8,487
P5A-1B8,489
P5A-1B8,493
P5A-1B8,496
P5A-1B8,500
P5A-1B8,501
P5A-1B8,502
P5A-1B8,503
P5A-1B8,505
P5A-1B9,444
P5A-1B9,446
P5A-1B9,448
P5A-1B9,449
P5A-1B9,450
P5A-1B9,452
P5A-1B9,456
P5A-1B9,483
P5A-1B9,484
P5A-1B9,485
P5A-1B9,486
P5A-1B9,487
P5A-1B9,489
P5A-1B9,490
P5A-1B9,492
P5A-1B9,493
P5A-1B9,494
P5A-1D2,405
P5A-1D2,415
P5A-1D2,416
P5A-1D2,417
P5A-1D2,420
P5A-1D2,421
P5A-1D2,453
P5A-1D2,455
P5A-1D2,456
P5A-1D2,457
P5A-1D2,458
P5A-1D2,459
P5A-1D2,460
P5A-1D2,473
P5A-1D2,474
P5A-1D2,475
P5A-1D2,476
P5A-1D2,477
P5A-1D2,486
P5A-1D2,487
P5A-1D2,489
P5A-1D2,493
P5A-1D2,502
P5A-1D2,505
P5A-2F11,421
P5A-2F11,453
P5A-2F11,455
P5A-2F11,456
P5A-2F11,457
P5A-2F11,473
P5A-2F11,475
P5A-2F11,476
P5A-2F11,477
P5A-2F11,484
P5A-2F11,485
P5A-2F11,486
P5A-2F11,487
P5A-2F11,489
P5A-2F11,493
P5A-2F11,494
P5A-2G7,403
P5A-2G7,417
P5A-2G7,449
P5A-2G7,452
P5A-2G7,453
P5A-2G7,455
P5A-2G7,456
P5A-2G7,484
P5A-2G7,485
P5A-2G7,486
P5A-2G7,488
P5A-2G7,489
P5A-2G7,490
P5A-2G7,492
P5A-2G7,493
P5A-2G7,505
P5A-2G9,403
P5A-2G9,406
P5A-2G9,408
P5A-2G9,409
P5A-2G9,414
P5A-2G9,415
P5A-2G9,416
P5A-2G9,417
P5A-2G9,420
P5A-2G9,421
P5A-2G9,446
P5A-2G9,449
P5A-2G9,456
P5A-2G9,473
P5A-2G9,475
P5A-2G9,476
P5A-2G9,477
P5A-2G9,486
P5A-2G9,487
P5A-2G9,489
P5A-2G9,493
P5A-2G9,494
P5A-2G9,495
P5A-2G9,496
P5A-2G9,497
P5A-2G9,498
P5A-2G9,500
P5A-2G9,501
P5A-2G9,505
P5A-3A1,415
P5A-3A1,416
P5A-3A1,417
P5A-3A1,420
P5A-3A1,421
P5A-3A1,455
P5A-3A1,456
P5A-3A1,457
P5A-3A1,458
P5A-3A1,459
P5A-3A1,460
P5A-3A1,473
P5A-3A1,474
P5A-3A1,475
P5A-3A1,476
P5A-3A1,477
P5A-3A1,486
P5A-3A1,487
P5A-3A1,496
P5A-3A1,505
P5A-3C12,417
P5A-3C12,456
P5A-3C12,483
P5A-3C12,484
P5A-3C12,485
P5A-3C12,486
P5A-3C12,489
P5A-3C12,493
P5A-3C8,405
P5A-3C8,406
P5A-3C8,408
P5A-3C8,409
P5A-3C8,415
P5A-3C8,416
P5A-3C8,417
P5A-3C8,420
P5A-3C8,421
P5A-3C8,449
P5A-3C8,453
P5A-3C8,455
P5A-3C8,456
P5A-3C8,457
P5A-3C8,458
P5A-3C8,459
P5A-3C8,460
P5A-3C8,473
P5A-3C8,474
P5A-3C8,475
P5A-3C8,476
P5A-3C8,477
P5A-3C8,486
P5A-3C8,487
P5A-3C8,489
P5A-3C8,493
P5A-3C8,494
P5A-3C8,495
P5A-3C8,496
P5A-3C8,498
P5A-3C8,500
P5A-3C8,501
P5A-3C8,502
P5A-3C8,505
PR1077,403
PR1077,417
PR1077,446
PR1077,447
PR1077,449
PR1077,450
PR1077,452
PR1077,453
PR1077,455
PR1077,456
PR1077,482
PR1077,483
PR1077,484
PR1077,485
PR1077,486
PR1077,488
PR1077,489
PR1077,490
PR1077,492
PR1077,493
PR1077,494
PR1077,495
PR1077,496
PR1077,497
PR1077,498
PR1077,500
PR1077,501
PR1077,505
PR953,458
PR953,474
PR953,475
PR953,476
PR953,477
PR953,478
PR953,479
PR953,481
PR953,485
PR953,486
PR953,487
PR953,489
PR961,344
PR961,345
PR961,346
PR961,347
PR961,348
PR961,354
PR961,436
PR961,437
PR961,438
PR961,439
PR961,440
PR961,441
PR961,442
PR961,443
PR961,444
PR961,445
PR961,448
PR961,450
PR961,451
PR961,499
PR961,500
RBD-chAb-25,403
RBD-chAb-25,405
RBD-chAb-25,449
RBD-chAb-25,453
RBD-chAb-25,455
RBD-chAb-25,456
RBD-chAb-25,489
RBD-chAb-25,493
RBD-chAb-25,494
RBD-chAb-25,495
RBD-chAb-25,496
RBD-chAb-25,498
RBD-chAb-25,500
RBD-chAb-25,501
RBD-chAb-25,502
RBD-chAb-25,503
RBD-chAb-25,505
RBD-chAb-45,456
RBD-chAb-45,458
RBD-chAb-45,474
RBD-chAb-45,475
RBD-chAb-45,476
RBD-chAb-45,477
RBD-chAb-45,478
RBD-chAb-45,479
RBD-chAb-45,485
RBD-chAb-45,486
RBD-chAb-45,487
RBD-chAb-45,488
RBD-chAb-45,489
Re5D06,351
Re5D06,417
Re5D06,445
Re5D06,446
Re5D06,447
Re5D06,449
Re5D06,450
Re5D06,452
Re5D06,453
Re5D06,455
Re5D06,456
Re5D06,468
Re5D06,470
Re5D06,472
Re5D06,484
Re5D06,485
Re5D06,486
Re5D06,487
Re5D06,489
Re5D06,490
Re5D06,492
Re5D06,493
Re5D06,494
Re5D06,495
Re5D06,496
Re5D06,498
Re5D06,501
Re5D06,505
Re9F06,368
Re9F06,369
Re9F06,371
Re9F06,372
Re9F06,374
Re9F06,375
Re9F06,376
Re9F06,377
Re9F06,378
Re9F06,383
Re9F06,404
Re9F06,405
Re9F06,407
Re9F06,408
Re9F06,437
Re9F06,503
Re9F06,504
Re9F06,508
Regdanvimab,351
Regdanvimab,403
Regdanvimab,417
Regdanvimab,446
Regdanvimab,449
Regdanvimab,450
Regdanvimab,452
Regdanvimab,453
Regdanvimab,455
Regdanvimab,456
Regdanvimab,470
Regdanvimab,483
Regdanvimab,484
Regdanvimab,485
Regdanvimab,486
Regdanvimab,489
Regdanvimab,490
Regdanvimab,492
Regdanvimab,493
Regdanvimab,494
Regdanvimab,495
Regdanvimab,496
Regdanvimab,498
Regdanvimab,505
S2-L20,108
S2-L20,109
S2-L20,111
S2-L20,113
S2-L20,234
S2-L20,236
S2-L20,237
S2-L20,269
S2-L20,271
S2-L20,28
S2-L20,63
S2-L20,83
S2-L20,84
S2-L20,85
S2-L20,87
S2A4,369
S2A4,370
S2A4,371
S2A4,372
S2A4,373
S2A4,374
S2A4,375
S2A4,376
S2A4,377
S2A4,378
S2A4,379
S2A4,383
S2A4,384
S2A4,385
S2A4,408
S2A4,414
S2D106,351
S2D106,449
S2D106,452
S2D106,455
S2D106,456
S2D106,470
S2D106,482
S2D106,483
S2D106,484
S2D106,485
S2D106,486
S2D106,487
S2D106,489
S2D106,490
S2D106,492
S2D106,493
S2D106,494
S2E12,475
S2E12,476
S2E12,478
S2E12,484
S2E12,485
S2E12,486
S2H13,447
S2H13,449
S2H13,481
S2H13,482
S2H13,484
S2H13,485
S2H13,486
S2H13,490
S2H13,494
S2H13,498
S2H14,403
S2H14,445
S2H14,446
S2H14,449
S2H14,453
S2H14,455
S2H14,456
S2H14,487
S2H14,489
S2H14,493
S2H14,494
S2H14,495
S2H14,496
S2H14,498
S2H14,499
S2H14,500
S2H14,501
S2H14,502
S2H14,505
S2H97,353
S2H97,355
S2H97,357
S2H97,393
S2H97,396
S2H97,426
S2H97,427
S2H97,428
S2H97,429
S2H97,462
S2H97,463
S2H97,464
S2H97,514
S2H97,516
S2H97,517
S2H97,518
S2H97,519
S2H97,520
S2H97,521
S2L28,144
S2L28,16
S2L28,17
S2L28,19
S2L28,246
S2L28,247
S2L28,248
S2L28,250
S2L28,251
S2L28,252
S2L28,253
S2L28,254
S2L28,255
S2L28,256
S2L28,257
S2M11,342
S2M11,343
S2M11,367
S2M11,368
S2M11,371
S2M11,372
S2M11,373
S2M11,374
S2M11,436
S2M11,440
S2M11,441
S2M11,446
S2M11,449
S2M11,452
S2M11,455
S2M11,456
S2M11,484
S2M11,485
S2M11,486
S2M11,489
S2M11,490
S2M11,492
S2M11,493
S2M11,494
S2M11,496
S2M28,140
S2M28,142
S2M28,144
S2M28,145
S2M28,146
S2M28,147
S2M28,148
S2M28,155
S2M28,156
S2M28,158
S2M28,16
S2M28,17
S2M28,18
S2M28,20
S2M28,246
S2M28,247
S2M28,248
S2M28,249
S2M28,250
S2M28,251
S2M28,252
S2M28,253
S2M28,254
S2M28,255
S2X259,370
S2X259,371
S2X259,372
S2X259,374
S2X259,375
S2X259,376
S2X259,377
S2X259,378
S2X259,379
S2X259,380
S2X259,381
S2X259,382
S2X259,383
S2X259,384
S2X259,385
S2X259,404
S2X259,405
S2X259,408
S2X259,502
S2X259,503
S2X259,504
S2X259,506
S2X259,508
S2X333,140
S2X333,142
S2X333,144
S2X333,145
S2X333,146
S2X333,147
S2X333,148
S2X333,155
S2X333,156
S2X333,158
S2X333,16
S2X333,17
S2X333,18
S2X333,20
S2X333,246
S2X333,247
S2X333,248
S2X333,249
S2X333,250
S2X333,251
S2X333,252
S2X333,253
S2X333,254
S2X333,255
S304,369
S304,377
S304,378
S304,379
S304,380
S304,381
S304,382
S304,383
S304,384
S304,427
SARS2-38,439
SARS2-38,440
SARS2-38,441
SARS2-38,442
SARS2-38,443
SARS2-38,444
SARS2-38,445
SARS2-38,449
SARS2-38,450
SARS2-38,499
SARS2-38,500
SR31,338
SR31,342
SR31,363
SR31,364
SR31,365
SR31,366
SR31,367
SR31,368
SR31,369
SR31,370
SR31,371
SR31,372
SR31,374
SR31,375
SR31,376
SR31,377
SR31,378
SR31,379
SR31,380
SR31,381
SR31,383
SR31,384
SR31,385
SR31,386
SR31,387
SR31,388
SR31,434
SR31,527
SR31,528
SR31,529
SR31,530
SR31,531
SR31,532
SR31,533
SR31,534
SR4,403
SR4,445
SR4,446
SR4,447
SR4,449
SR4,452
SR4,453
SR4,455
SR4,456
SR4,484
SR4,485
SR4,488
SR4,489
SR4,490
SR4,492
SR4,493
SR4,494
SR4,495
SR4,496
SR4,497
SR4,498
SR4,499
SR4,500
SR4,501
SR4,502
SR4,505
STE90-C11,403
STE90-C11,405
STE90-C11,406
STE90-C11,408
STE90-C11,409
STE90-C11,415
STE90-C11,416
STE90-C11,417
STE90-C11,420
STE90-C11,421
STE90-C11,453
STE90-C11,455
STE90-C11,456
STE90-C11,457
STE90-C11,458
STE90-C11,459
STE90-C11,460
STE90-C11,473
STE90-C11,474
STE90-C11,475
STE90-C11,476
STE90-C11,477
STE90-C11,478
STE90-C11,486
STE90-C11,487
STE90-C11,489
STE90-C11,493
STE90-C11,494
STE90-C11,495
STE90-C11,496
STE90-C11,497
STE90-C11,498
STE90-C11,500
STE90-C11,501
STE90-C11,502
STE90-C11,503
STE90-C11,504
STE90-C11,505
Sb14,405
Sb14,406
Sb14,415
Sb14,416
Sb14,417
Sb14,420
Sb14,421
Sb14,445
Sb14,446
Sb14,447
Sb14,449
Sb14,453
Sb14,455
Sb14,456
Sb14,460
Sb14,473
Sb14,484
Sb14,486
Sb14,487
Sb14,489
Sb14,490
Sb14,492
Sb14,493
Sb14,494
Sb14,495
Sb14,496
Sb14,498
Sb14,499
Sb14,500
Sb14,501
Sb14,502
Sb14,503
Sb14,504
Sb14,505
Sb15,439
Sb15,440
Sb15,441
Sb15,443
Sb15,444
Sb15,445
Sb15,446
Sb15,499
Sb15,500
Sb15,501
Sb15,502
Sb15,506
Sb16,403
Sb16,406
Sb16,417
Sb16,445
Sb16,446
Sb16,447
Sb16,449
Sb16,452
Sb16,453
Sb16,455
Sb16,456
Sb16,484
Sb16,485
Sb16,488
Sb16,489
Sb16,490
Sb16,492
Sb16,493
Sb16,494
Sb16,495
Sb16,496
Sb16,498
Sb16,500
Sb16,501
Sb16,502
Sb16,505
Sb23,351
Sb23,444
Sb23,445
Sb23,446
Sb23,447
Sb23,448
Sb23,449
Sb23,450
Sb23,452
Sb23,468
Sb23,470
Sb23,490
Sb45,351
Sb45,403
Sb45,405
Sb45,406
Sb45,417
Sb45,446
Sb45,447
Sb45,449
Sb45,450
Sb45,452
Sb45,453
Sb45,455
Sb45,470
Sb45,471
Sb45,472
Sb45,482
Sb45,483
Sb45,484
Sb45,485
Sb45,486
Sb45,490
Sb45,492
Sb45,493
Sb45,494
Sb45,496
Sb45,498
Sb45,501
Sb45,502
Sb45,505
Sb68,368
Sb68,369
Sb68,370
Sb68,371
Sb68,372
Sb68,374
Sb68,375
Sb68,376
Sb68,377
Sb68,378
Sb68,379
Sb68,383
Sb68,384
Sb68,385
Sb68,408
Sotrovimab,333
Sotrovimab,334
Sotrovimab,335
Sotrovimab,337
Sotrovimab,339
Sotrovimab,340
Sotrovimab,343
Sotrovimab,344
Sotrovimab,345
Sotrovimab,346
Sotrovimab,354
Sotrovimab,356
Sotrovimab,357
Sotrovimab,359
Sotrovimab,360
Sotrovimab,361
Sotrovimab,441
Sotrovimab,509
Ty1,347
Ty1,348
Ty1,349
Ty1,351
Ty1,352
Ty1,446
Ty1,447
Ty1,448
Ty1,449
Ty1,450
Ty1,452
Ty1,468
Ty1,470
Ty1,472
Ty1,482
Ty1,483
Ty1,484
Ty1,485
Ty1,486
Ty1,487
Ty1,488
Ty1,489
Ty1,490
Ty1,492
Ty1,493
Ty1,494
VHH E,351
VHH E,403
VHH E,417
VHH E,444
VHH E,445
VHH E,446
VHH E,447
VHH E,449
VHH E,450
VHH E,452
VHH E,453
VHH E,455
VHH E,456
VHH E,468
VHH E,470
VHH E,484
VHH E,485
VHH E,486
VHH E,489
VHH E,490
VHH E,492
VHH E,493
VHH E,494
VHH E,495
VHH E,496
VHH E,498
VHH U,368
VHH U,369
VHH U,370
VHH U,371
VHH U,372
VHH U,373
VHH U,374
VHH U,375
VHH U,376
VHH U,377
VHH U,378
VHH U,383
VHH U,384
VHH U,408
VHH U,437
VHH U,503
VHH U,504
VHH U,508
VHH V,369
VHH V,370
VHH V,371
VHH V,372
VHH V,373
VHH V,374
VHH V,375
VHH V,376
VHH V,377
VHH V,378
VHH V,379
VHH V,380
VHH V,382
VHH V,383
VHH V,384
VHH V,404
VHH V,408
VHH V,411
VHH V,414
VHH V,437
VHH V,439
VHH V,440
VHH V,503
VHH V,506
VHH V,508
VHH W,368
VHH W,369
VHH W,370
VHH W,371
VHH W,372
VHH W,373
VHH W,374
VHH W,375
VHH W,376
VHH W,377
VHH W,378
VHH W,383
VHH W,384
VHH W,385
VHH W,408
VHH W,437
VHH W,503
VHH W,504
VHH W,508
WNb-10,369
WNb-10,370
WNb-10,371
WNb-10,372
WNb-10,373
WNb-10,374
WNb-10,375
WNb-10,376
WNb-10,377
WNb-10,378
WNb-10,384
WNb-10,408
WNb-10,437
WNb-10,439
WNb-10,440
WNb-10,503
WNb-10,504
WNb-10,506
WNb-10,508
WNb-2,403
WNb-2,446
WNb-2,447
WNb-2,449
WNb-2,452
WNb-2,453
WNb-2,455
WNb-2,456
WNb-2,470
WNb-2,478
WNb-2,484
WNb-2,485
WNb-2,486
WNb-2,488
WNb-2,489
WNb-2,490
WNb-2,492
WNb-2,493
WNb-2,494
WNb-2,495
WNb-2,496
WNb-2,498
WNb-2,500
WNb-2,501
WNb-2,502
WNb-2,505
Xu_Nb12,372
Xu_Nb12,373
Xu_Nb12,374
Xu_Nb12,375
Xu_Nb12,376
Xu_Nb12,377
Xu_Nb12,437
Xu_Nb12,502
Xu_Nb12,503
Xu_Nb12,504
Xu_Nb30,370
Xu_Nb30,372
Xu_Nb30,375
Xu_Nb30,376
Xu_Nb30,378
Xu_Nb30,379
Xu_Nb30,380
Xu_Nb30,381
Xu_Nb30,382
Xu_Nb30,383
Xu_Nb30,384
Xu_Nb30,385
Xu_Nb30,404
Xu_Nb30,407
Xu_Nb30,408
Xu_Nb30,412
Xu_Nb30,414
Zhou_47D1,351
Zhou_47D1,444
Zhou_47D1,446
Zhou_47D1,449
Zhou_47D1,450
Zhou_47D1,452
Zhou_47D1,469
Zhou_47D1,470
Zhou_47D1,471
Zhou_47D1,472
Zhou_47D1,481
Zhou_47D1,482
Zhou_47D1,483
Zhou_47D1,484
Zhou_47D1,490
Zhou_47D1,492
Zhou_47D1,494
ab1,403
ab1,408
ab1,415
ab1,416
ab1,417
ab1,420
ab1,421
ab1,453
ab1,455
ab1,456
ab1,457
ab1,458
ab1,459
ab1,460
ab1,473
ab1,474
ab1,475
ab1,476
ab1,477
ab1,486
ab1,487
ab1,489
ab1,490
ab1,493
ab1,501
ab1,505
nb20,449
nb20,450
nb20,452
nb20,453
nb20,455
nb20,472
nb20,483
nb20,484
nb20,485
nb20,489
nb20,490
nb20,492
nb20,493
nb20,494
nb20,495
nb20,496
Tixagevimab,455
Tixagevimab,456
Tixagevimab,458
Tixagevimab,475
Tixagevimab,476
Tixagevimab,477
Tixagevimab,478
Tixagevimab,479
Tixagevimab,484
Tixagevimab,485
Tixagevimab,486
Tixagevimab,487
Tixagevimab,488
Tixagevimab,489
Tixagevimab,493
Cilgavimab,345
Cilgavimab,346
Cilgavimab,439
Cilgavimab,440
Cilgavimab,441
Cilgavimab,443
Cilgavimab,444
Cilgavimab,445
Cilgavimab,446
Cilgavimab,447
Cilgavimab,448
Cilgavimab,449
Cilgavimab,450
Cilgavimab,452
Cilgavimab,484
Cilgavimab,490
Cilgavimab,492
Cilgavimab,493
Cilgavimab,494
Cilgavimab,499
K398.22,373
K398.22,374
K398.22,375
K398.22,403
K398.22,404
K398.22,405
K398.22,408
K398.22,437
K398.22,439
K398.22,498
K398.22,499
K398.22,500
K398.22,501
K398.22,502
K398.22,503
K398.22,504
K398.22,505
K398.22,506
K398.22,508
Adintrevimab,496
Adintrevimab,498
Adintrevimab,501
Adintrevimab,505
P5C3,479
P5C3,480
P5C3,484
P5C3,485
P5C3,486
